title,category
"ED attaches properties of designer Ritu Beri’s husband, brother in money laundering case",Business
"Disha Vakani won't return to Taarak Mehta Ka Ooltah Chashmah. Auditions on for new lead, confirms producer",Entertainment
"Bitcoin price rises over $30,000, other cryptocurrencies in green",Technology
Real Madrid extend Luka Modric's contract until 2023 after Champions League triumph,Sports
"Mysuru nun alleges sexual harassment, says life is in danger",Crime
"Meerut man beaten to death by friends, accused absconding",Crime
Nayanthara and Vignesh Shivan's mehendi ceremony: Inside details,Entertainment
"Sensex falls over 200 points, Nifty in red | Check top gaining shares",Business
Repo rate riddle: How RBI's monetary policy impacts your lives,Business
AR Rahman appointed ambassador of Indo-UK culture platform,Entertainment
Ranji Trophy: Karan Sharma stars as Uttar Pradesh crush Karnataka by 5 wickets to reach semi-final,Sports
Less footfall at Kashmir's Mata Kheer Bhawani festival in Srinagar,Sports
"Auto driver dies after alleged police assault in Bihar's Muzaffarpur, family stages protest",Crime
"Debit card, credit card rule update: E-mandate limit for recurring payments increased",Business
"Para Shooting World Cup: Ramakrishna joins Lekhara in clinching gold, Paris 2024 quota",Sports
"Bhagyashree works out with hubby in new video. Love grows when health grows, she says",Entertainment
Caught on cam: Delhi traffic police inspector thrashed by group of people,Crime
Man found dead inside car in Punjab’s Mohali,Crime
UP Police seeks custody of Tamil Nadu man who threatened to blow up RSS offices,Crime
Kamal Haasan gifts Rolex watch to Suriya AKA Rolex of Vikram. See pics,Entertainment
ICC Test Rankings: Joe Root closes in on the top spot among batters; Jasprit Bumrah slips one place down,Sports
Russia draws closer to capture of Ukraine's Donbas region,World News
"RBI repo rate hiked: How will it impact FDs, EMIs, loan interests",Business
"Raj Kundra pens adorable birthday wish for 'soulmate' Shilpa Shetty, says love you eternally",Entertainment
Burger King Austria launches whopper to celebrate Pride Month. Internet reacts,World News
"5 teens, elderly woman dead after gunmen open fire on students in Mexico",Crime
Launching Moto g82 5G's revolutionary Billion Colour Display: Motorola,Technology
"Apple announces new MacBooks with M2 chip starting from $1,199",Technology
Apple iOS 16 adds 'Safety Check' feature to help people in abusive relationships,Technology
"Credit cards can now be linked to UPI, starting with RuPay: RBI",Technology
Google disables RCS feature in India after businesses spam users with ads,Technology
"No other species can send life to Mars, humanity can't let them down: Musk",Technology
Game changer: Paytm CEO on RBI move to allow linking credit cards to UPI,Technology
Former Sony CEO Nobuyuki Idei dies of liver failure at 84,Technology
"Who is Angelo Moriondo, 'godfather of espresso machines' honoured by Google?",Technology
Skye Air Mobility begins drone trials for medicine delivery in Kerala,Technology
China's BYD to supply batteries to Tesla 'very soon',Technology
Chinese firms under govt probe for tax evasion collected Indians' data: Report,Technology
Meta appoints Guy Rosen as its chief information security officer,Technology
"Who is Satyendra Nath Bose, Indian physicist honoured by Google today?",Technology
Instagram launches AMBER alerts in 25 countries to help find missing children,Technology
Woman in US gets 3D-printed ear made from her cells in world-first transplant,Technology
Amazon consumer CEO Dave Clark resigns after 23 years at the company,Technology
"New York passes 'right to repair' bill for electronics, first US state to do so",Technology
ExpressVPN removes VPN services in India as refusal to comply with govt order,Technology
Crypto consumers lost over $1 bn in scams since Jan 2021: US FTC,Technology
10 robots deployed to help people at B'luru airport on pilot basis,Technology
Shooter Avani Lekhara wins gold with world record in Para World Cup,Sports
21-yr-old Suved Parkar records 5th highest score on debut in first-class cricket history,Sports
I played French Open with my left foot asleep because of anaesthetic injections: Nadal,Sports
"Didn't care on tying, don't care now when I'm 2 up: Nadal on Grand Slam race",Sports
How much prize money has Rafael Nadal won in his tennis career?,Sports
Sable breaks national record in 3000m steeplechase for 8th time in Rabat,Sports
"Injured KL Rahul ruled out of SA series, Pant to captain Team India",Sports
Mithali Raj announces retirement from all forms of international cricket,Sports
Team India seeks consistency amid rotation ahead of T20 WC,Sports
Rafael Nadal undergoes foot treatment ahead of Wimbledon,Sports
Kohli becomes first Indian to hit 200 million followers on Instagram,Sports
Indian coaches to use FIH Pro League matches to get better insights ahead of CWG,Sports
"PV Sindhu, Lakshya Sen enter second round of Indonesia Masters",Sports
Luka Modric extends contract with Real Madrid until 2023,Sports
England's Joe Root back to second in ICC Test batting rankings,Sports
IPL media rights: 'It's about the price at which you let it go',Sports
"With T20 WC in mind, India begin auditions for select spots",Sports
SC permits AICF secretary to continue at helm for Chess Olympiad,Sports
Norway chess: Viswanathan Anand beats Teimour Radjabov,Sports
Iran turns off 2 of UN nuclear watchdog's cameras : Report,World News
Pakistan trims working week by a day to help fix energy crisis,World News
China offers cash for reporting 'national security' threats,World News
US stresses allied cooperation in face of N Korea threats,World News
China fears wind is blowing Covid virus in from North Korea,World News
Johnson faces UK parliament for first time since no-confidence vote,World News
Violations of women's rights in Taliban led Afghanistan growing,World News
China encourages public to help with national security with cash for tip-offs,World News
Sri Lanka seeks $55 million loan from India for buying fertiliser,World News
Sri Lanka PM hints at opting for fuel rationing amid economic crisis,World News
'Gone in front of my eyes': Bangladesh firefighter's unit decimated by blast,World News
Crisis-hit Sri Lanka gets $55-million credit line from India for fertilisers,World News
"Street fighting, constant shelling as Russia pushes for control of Donbas",World News
Australian KFC patrons clucking mad over lettuce-cabbage switch,World News
Boris Johnson: The 'greased piglet' slips away again,World News
Johnson vows to 'get on with the job' after surviving confidence vote,World News
"Prophet row: 'We strongly encourage respect, tolerance for all religions'",World News
Sri Lanka will need $5 billion in next 6 months for essentials: PM,World News
Apple to reportedly launch its mixed reality headset in 2023,Technology
Apple Watch 3 series will not get WatchOS 9 update,Technology
"Explained: Tesla CEO Elon Musk’s Twitter deal – what it is, why the delay and what may happen if it breaks",Technology
LG CineBeam Projector and UltraFine Display OLED Pro launched in India: Price and other details,Technology
"Always-on display may be coming to iPhone 14 Pro, hints iOS 16 code",Technology
"Noise ColorFit Pulse Buzz with Bluetooth calling support launched: Price, features and more",Technology
Apple 'borrows' this WhatsApp beta feature for iMessage in iOS 16,Technology
Samsung to launch Galaxy S22 Diablo Immortal edition for the home market,Technology
Sennheiser launches XS Wireless IEM for musicians,Technology
"iQoo 10, iQoo 10 Pro rumoured to launch next month",Technology
"Google announces new educational features for Chromebooks, Classroom and Meet",Technology
"Oppo K10 5G with MediaTek chipset, 30W fast charging support launched, priced at Rs 17,499",Technology
Vivo Y15c smartphone receives a price cut in India,Technology
Amazon India announces second edition of Machine Learning Summer School: How to apply and other details,Technology
"RBI guv bats for cut in state taxes on petrol, diesel",Business
'India could soon allow wheat exports of 1.2 million tonnes',Business
Govt hikes paddy MSP by Rs 100 per quintal for 2022-23,Business
"War led to globalisation of inflation, says RBI governor",Business
EMIs to rise: RBI hikes repo rate to check soaring inflation,Business
RBI retains FY23 GDP forecast at 7.2%,Business
These are the world’s 20 most expensive cities for expats,Business
World Bank cuts growth forecast to 7.5%,Business
Why some companies have not raised prices yet,Business
New card info storage rules to hit international online payments,Business
Only 5% techies want full-time office: Report,Business
Amazon asks Future not to enter into any deal with RIL,Business
"US stocks: Wall Street jumps as tech, energy shares end high",Business
Retail investors are like 'shock absorbers': Finance minister,Business
WTO meet may take up food products export ban,Business
Airtel claims its payments bank arm is unicorn,Business
PhysicsWallah raises $100mn to become India's 16th unicorn this year,Business
SpiceJet extends ESOP scheme to mid-level employees,Business
Nayanthara-Vignesh’s wedding card goes viral,Entertainment
Zaheer's cutest pics with Sonakshi,Entertainment
Shriya Saran's fashion statements,Entertainment
Shilpa's best vintage & vogue outfits,Entertainment
Bhool Bhulaiyaa 2 BO collection week 3,Entertainment
When Varun went shirtless for his songs,Entertainment
9 Times Samantha upped the hotness quotient,Entertainment
Arjun gives a 'Disco' twist to Instagram trend,Entertainment
SRK reacts to Gauri's post; fans say 'get well soon',Entertainment
10 divas & their real face without makeup,Entertainment
Samrat Prithviraj box office collection day 5,Entertainment
Sruthi VJ talks about ‘Jee Bharke’ and her musical journey,Entertainment
Sruthi VJ’s song ‘Jee Bharke’ is about finding joy and purpose in life,Entertainment
Dancer Subbulakshmi Rana is set to launch the two-day dance fest in the city,Entertainment
‘Abhyudaya Utsav’ to feature solo and duet renditions,Entertainment
Me and My Mohini Attam takes you through Kanak Rele’s journey of passion and perseverance,Entertainment
Meet the 14-year old wildlife photographer,Entertainment
"Almirah, a showcase of artist Avril Stormy Unger’s performance work, will be staged on June 5",Entertainment
Sifar Theatre’s ‘Almost Flawless’ to be staged on June 5,Entertainment
Massive Radio Structures Found Surrounding Brightest Quasar Ever Found,Technology
"Samsung Galaxy Z Fold 3, Galaxy Z Flip 3 Receiving One UI 4.1 Update: Report",Technology
"Oppo ColorOS 12 Official, Beta Versions Rollout Timeline in India Revealed",Technology
Apple M2 Pro Chip to Go Into Mass Production This Year: Report,Technology
Asus ROG Strix G15 (G513RW) Review: Power and Personality,Technology
Bullet Train Trailer: Funny Brad Pitt Has to Go Through Master Assassins,Technology
Government Said to Be Working on New Platform to Track Criminals,Technology
"US Supercomputer Breaks Record, Becomes Fastest in the World",Technology
"What's Most Interesting About iOS 16, macOS Ventura, and New MacBook Air?",Technology
Solana Launches $100 Million Fund for South Korean Web3 Startups,Technology
"Poco F4 5G Launch Confirmed, Leaked Images Tip Triple Rear Cameras",Technology
"Google Meet for Teachers Adds Automatic Transcription Feature, Other Updates",Technology
India's Data Centre Capacity to Double by 2025: Report,Technology
Samsung Galaxy Watch 4 Black Yak Edition Launched: All the Details,Technology
Halo Infinite Campaign Co-Op Date Announced - Finally,Technology
Crypto Tax FAQs to be Published Before July 1: India's Tax Board Chief,Technology
"IBM to Reportedly Wind Down Russian Operation, to Lay Off Employees",Technology
Samsung US Launches New Discord Server to Support Its Web 3 Push,Technology
"Earth's Magnetic Poles Are Unlikely to Flip, States New Study",Technology
"Coolpad's New Smartphone Will Debut on June 13, Specifications Tipped",Technology
"After ""Alien Doorway"", NASA Rover Finds Bizarre Spikes On Mars",World News
China's Drone Carrier Hints At Swarm Ambitions For Pacific,World News
"Ketchup Will Be The Next Climate Change Victim, Says Study",World News
"China To Offer Cash, Certificates For 'National Security' Tip-Offs: Report",World News
"1 Killed, 30 Injured As Car Rams Into Crowd In Germany's Capital",World News
US Woman Who Led Female ISIS Battalion Pleads Guilty In Court,World News
Ukrainian Troops Face Renewed Russian Assault In Severodonetsk,World News
"Johnny Depp's Lawyer Promoted: ""Camille's Performance Proved To World...""",World News
"Internet Asks Elon Musk To ""Buy YouTube"" After His Dig At ""Scam Ads""",World News
22 Killed In Pakistan's Balochistan As Van Falls Into Ravine,World News
"""Unburnable"" Copy Of 'The Handmaid's Tale' Fetches $130,000 At US Auction",World News
"13 Killed, 60 Injured As Passenger Train Derails In Iran",World News
British Railway Network To Face Biggest Strike In 3 Decades: Union,World News
Johnny Depp's Lawyer Gets Big Promotion After Win In Defamation Case,World News
Children Of Murdered Dutch Journalist Confront Alleged Killers In Court,World News
"World Ocean Day 2022: Know Date, Theme And Significance",World News
"Kangana Ranaut Falls For Spoof, Calls Qatar Airways CEO ""Idiot Of A Man""",World News
"Johnny Depp Posts Message About ""Moving Forward"", Amber Heard Reacts",World News
Ukrainian Forces May Have To Retreat From Severodonetsk: Governor,World News
Thai Cop Nicknamed 'Joe Ferrari' Jailed For Life Over Suspect's Death,World News
Exports Rise To $9.4 Billion In Early June,Business
Indian Crude Basket Price Soars To $118.06 Per Barrel,Business
"As Sop To Paddy Farmers, Government Hikes Minimum Support Price",Business
India May Allow 1.2 Million Tonnes Of Wheat Exports: Report,Business
Top 15 Stocks Using The CANSLIM Strategy,Business
States Need To Cut Fuel Tax To Ease Inflation Pressures: RBI Governor,Business
Country's Fundamentals Strong Due To Government's Steps: Finance Minister,Business
"Sensex Slips 215 Points As RBI Hikes Repo Rate, Nifty Barely Holds 16,350",Business
Rupee's Losses Limited By RBI Hike; Recovers A Touch From Record Low,Business
"Efforts On To Check Inflation And Push Growth, Says Top Official",Business
"Centre Mindful Of Current Inflation Situation, Says RBI Governor",Business
"Digital Lending Apps Under Scrutiny, User Discretion Needed: RBI Governor",Business
Russia-Ukraine War Led To Globalisation Of Inflation: RBI Governor,Business
"Trading Firms Citadel, Virtu Building Crypto ""Eco-System"": Report",Business
"After RBI's Repo Rate Hike, Uday Kotak Had This To Say",Business
Want A Company-Sold Second-Hand Porsche? It Is Possible Now,Business
Edtech Startup PhysicsWallah Raises $100 Million,Business
"PayPal Allows Transfer Of Bitcoin, Other Cryptos To External Wallets",Business
Central Bank Will Wait For Government Paper On Cryptos: RBI Governor,Business
EMIs Set To Rise As RBI Hikes Rates; Second Increase In 5 Weeks,Business
India's rupee hits five-year high,Business
India widens access to telecoms,Business
Call centre users 'lose patience',Business
Rank 'set to sell off film unit',Business
Sluggish economy hits German jobs,Business
Mixed signals from French economy,Business
US trade gap hits record in 2004,Business
Yukos loses US bankruptcy battle,Business
Safety alert as GM recalls cars,Business
Japanese mogul arrested for fraud,Business
Deutsche Telekom sees mobile gain,Business
Chinese wine tempts Italy's Illva,Business
Umbro profits lifted by Euro 2004,Business
Fed chief warning on US deficit,Business
UK Coal plunges into deeper loss,Business
Saudi ministry to employ women,Business
Japan economy slides to recession,Business
US crude prices surge above $53,Business
Industrial output falls in Japan,Business
Ryanair in $4bn Boeing plane deal,Business
Parmalat to return to stockmarket,Business
Home loan approvals rising again,Business
Manufacturing recovery 'slowing',Business
Worldcom boss 'left books alone',Business
Metlife buys up Citigroup insurer,Business
Europe blames US over weak dollar,Business
French wine gets 70m euro top-up,Business
Russia gets investment blessing,Business
Bargain calls widen Softbank loss,Business
WMC profits up amid bid criticism,Business
Barclays profits hit record level,Business
Yukos owner sues Russia for $28bn,Business
Qantas sees profits fly to record,Business
Iraq to invite phone licence bids,Business
Aviation firms eye booming India,Business
Russian oil merger excludes Yukos,Business
Brazil buy boosts Belgium's Inbev,Business
M&S cuts prices by average of 24%,Business
US bank 'loses' customer details,Business
Huge rush for Jet Airways shares,Business
Bank payout to Pinochet victims,Business
Qwest may spark MCI bidding war,Business
Fiat chief takes steering wheel,Business
Consumers drive French economy,Business
US regulator to rule on pain drug,Business
Ukraine trims privatisation check,Business
Absa and Barclays talks continue,Business
Rescue hope for Borussia Dortmund,Business
Standard Life concern at LSE bid,Business
BP surges ahead on high oil price,Business
Oil companies get Russian setback,Business
Gaming firm to sell UK dog tracks,Business
Man Utd to open books to Glazer,Business
Sales 'fail to boost High Street',Business
McDonald's to sponsor MTV show,Business
Call to save manufacturing jobs,Business
MCI shares climb on takeover bid,Business
BT offers equal access to rivals,Business
Jobs growth still slow in the US,Business
News Corp eyes video games market,Business
Call to overhaul UK state pension,Business
Singapore growth at 8.1% in 2004,Business
Turkey knocks six zeros off lira,Business
S Korea spending boost to economy,Business
Latin America sees strong growth,Business
Asia shares defy post-quake gloom,Business
Nasdaq planning $100m share sale,Business
Giving financial gifts to children,Business
Air China in $1bn London listing,Business
Oil prices reach three-month low,Business
Arsenal 'may seek full share listi,Business
Markets signal Brazilian recovery,Business
Markets fall on weak dollar fears,Business
Google shares fall as staff sell,Business
Five million Germans out of work,Business
India power shares jump on debut,Business
Turkey turns on the economic charm,Business
Brazil plays down Varig rescue,Business
Bombardier chief to leave company,Business
Brazil approves bankruptcy reform,Business
Retail sales show festive fervour,Business
Cairn shares slump on oil setback,Business
Building giant in asbestos payout,Business
Police detain Chinese milk bosses,Business
India's Deccan seals $1.8bn deal,Business
Venezuela and China sign oil deal,Business
Jarvis sells Tube stake to Spain,Business
Honda wins China copyright ruling,Business
Air Jamaica back in state control,Business
Battered dollar hits another low,Business
Quake's economic costs emerging,Business
Disaster claims 'less than $10bn',Business
India-Pakistan peace boosts trade,Business
Germany nears 1990 jobless level,Business
Venezuela identifies 'idle' farms,Business
Egypt to sell off state-owned ban,Business
Wal-Mart to pay $14m in gun suit,Business
Yukos heading back to US courts,Business
Deutsche Boerse set to 'woo' LSE,Business
Laura Ashley chief stepping down,Business
US Airways staff agree to pay cut,Business
Delta cuts fares in survival plan,Business
Profits jump at China's top bank,Business
Green reports shun supply chain,Business
Tsunami to cost Sri Lanka $1.3bn,Business
Indian oil firm eyes Yukos assets,Business
Monsanto fined $1.5m for bribery,Business
Marsh executive in guilty plea,Business
US interest rate rise expected,Business
WorldCom bosses' $54m payout,Business
Wal-Mart fights back at accusers,Business
US retail sales surge in December,Business
Winemaker rejects Foster's offer,Business
McDonald's boss Bell dies aged 44,Business
US industrial output growth eases,Business
LSE doubts boost bidders' shares,Business
Qantas considers offshore option,Business
Gazprom 'in $36m back-tax claim',Business
Ailing EuroDisney vows turnaround,Business
UK young top Euro earnings league,Business
Swiss cement firm in buying spree,Business
India's Reliance family feud heats up,Business
Millions go missing at China bank,Business
China Aviation seeks rescue deal,Business
Low-cost airlines hit Eurotunnel,Business
Water firm Suez in Argentina row,Business
Algeria hit by further gas riots,Business
India's Maruti sees profits jump,Business
Aids and climate top Davos agenda,Business
HealthSouth ex-boss goes on trial,Business
Euro firms miss out on optimism,Business
Lacroix label bought by US firm,Business
Slater to star in Broadway play,Entertainment
Public show for Reynolds portrait,Entertainment
Obituary: Dame Alicia Markova,Entertainment
Fears raised over ballet future,Entertainment
Famed music director Viotti dies,Entertainment
Paraguay novel wins US book prize,Entertainment
New Harry Potter tops book chart,Entertainment
UK's National Gallery in the pink,Entertainment
Lit Idol begins search for author,Entertainment
Potter director signs Warner deal,Entertainment
Baghdad Blogger on big screen,Entertainment
US critics laud comedy Sideways,Entertainment
Dirty Den's demise seen by 14m,Entertainment
Redford's vision of Sundance,Entertainment
DVD review: Harry Potter and the Prisoner of Azkaban,Entertainment
Vera Drake scoops film award,Entertainment
Hundreds vie for best film Oscar,Entertainment
Hanks greeted at wintry premiere,Entertainment
Film row over Pirates 'cannibals',Entertainment
Stars gear up for Bafta ceremony,Entertainment
Aviator 'creator' in Oscars snub,Entertainment
Wine comedy up for six film gongs,Entertainment
No ads for Passion Oscar campaign,Entertainment
Berlin honours S Korean director,Entertainment
Stars pay tribute to actor Davis,Entertainment
US actor Ossie Davis found dead,Entertainment
Jugnot 'tops French actor league',Entertainment
Howl helps boost Japan's cinemas,Entertainment
Berlin applauds Hotel Rwanda,Entertainment
'Landmark movies' of 2004 hailed,Entertainment
De Niro film leads US box office,Entertainment
Willis sues over movie 'injury',Entertainment
Foxx and Swank win US awards,Entertainment
Spike Lee backs student directors,Entertainment
Horror film heads US box office,Entertainment
Mumbai bombs movie postponed,Entertainment
"DVD review: I, Robot",Entertainment
Brando 'rejected Godfather role',Entertainment
Dutch watch Van Gogh's last film,Entertainment
Berlin hails European cinema,Entertainment
Sky takes over Oscar night mantle,Entertainment
Snicket tops US box office chart,Entertainment
Director Nair's Vanity project,Entertainment
Spirit awards hail Sideways,Entertainment
Tautou film tops Cesar prize nods,Entertainment
Hollywood ready for Oscars night,Entertainment
Animation charms Japan box office,Entertainment
US box office set for record high,Entertainment
Low-budget film wins Cesar,Entertainment
Tautou 'to star in Da Vinci film',Entertainment
Foxx and Swank take actors awards,Entertainment
Children vote Shrek 2 best film,Entertainment
UK debut for Kevin Spacey movie,Entertainment
Box office blow for Alexander,Entertainment
Ray DVD beats box office takings,Entertainment
Everton's Weir cools Euro hopes,Sports
Spain coach faces racism inquiry,Sports
O'Gara revels in Ireland victory,Sports
Thomas out of Six Nations,Sports
Wales coach elated with win,Sports
Corry backs skipper Robinson,Sports
Prop Jones ready for hard graft,Sports
Moody joins up with England,Sports
Captains lining up for Aid match,Sports
Castaignede fires Laporte warning,Sports
Charvis set to lose fitness bid,Sports
Robinson out of Six Nations,Sports
England coach faces rap after row,Sports
Harinordoquy suffers France axe,Sports
Mirza makes Indian tennis history,Sports
Roddick to face Saulnier in final,Sports
Premier League planning Cole date,Sports
McClaren targets Champions League,Sports
Wales want rugby league training,Sports
Digital guru floats sub-$100 PC,Technology
Technology gets the creative bug,Technology
Wi-fi web reaches farmers in Peru,Technology
Microsoft releases bumper patches,Technology
Virus poses as Christmas e-mail,Technology
Apple laptop is 'greatest gadget',Technology
Google's toolbar sparks concern,Technology
UK net users leading TV downloads,Technology
Xbox power cable 'fire fear',Technology
Global blogger action day called,Technology
Finding new homes for old phones,Technology
PlayStation 3 chip to be unveiled,Technology
Intel unveils laser breakthrough,Technology
Security scares spark browser fix,Technology
T-Mobile bets on 'pocket office',Technology
Hotspot users gain free net calls,Technology
DVD copy protection strengthened,Technology
Apple attacked over sources row,Technology
Sony PSP tipped as a 'must-have',Technology
BBC leads interactive Bafta wins,Technology
Millions buy MP3 players in US,Technology
'No re-draft' for EU patent law,Technology
Domain system scam fear,Technology
Cheaper chip for mobiles,Technology
Xbox 2 may be unveiled in summer,Technology
Yahoo celebrates a decade online,Technology
Cable offers video-on-demand,Technology
Cyber crime booms in 2004,Technology
Dublin hi-tech labs to shut down,Technology
Games help you 'learn and play',Technology
Hacker threat to Apple's iTunes,Technology
Format wars could 'confuse users',Technology
Peer-to-peer nets 'here to stay',Technology
Text message record smashed,Technology
Hotspot users gain free net calls,Technology
Domain system opens door to scams,Technology
Sony PSP tipped as a 'must-have',Technology
'No re-draft' for EU patent law,Technology
Ultra fast wi-fi nears completion,Technology
Virgin Radio offers 3G broadcast,Technology
More movies head to Sony's PSP,Technology
Warnings on woeful wi-fi security,Technology
